,,s,s,s
Time Step,Wall Time,Step Size,Simulation Time,CPU Time
       1,2024-12-09T19:35:47.496+08:00, 0.922E-01,   0.09218, 0.41406E+01
       2,2024-12-09T19:35:48.046+08:00, 0.922E-01,   0.18437, 0.42969E+01
       3,2024-12-09T19:35:48.893+08:00, 0.922E-01,   0.27655, 0.45156E+01
       4,2024-12-09T19:35:49.442+08:00, 0.922E-01,   0.36873, 0.45938E+01
       5,2024-12-09T19:35:49.992+08:00, 0.922E-01,   0.46091, 0.49219E+01
       6,2024-12-09T19:35:50.748+08:00, 0.922E-01,   0.55310, 0.52344E+01
       7,2024-12-09T19:35:51.324+08:00, 0.922E-01,   0.64528, 0.54375E+01
       8,2024-12-09T19:35:51.850+08:00, 0.922E-01,   0.73746, 0.58750E+01
       9,2024-12-09T19:35:52.667+08:00, 0.922E-01,   0.82964, 0.62969E+01
      10,2024-12-09T19:35:53.216+08:00, 0.922E-01,   0.92183, 0.65469E+01
      11,2024-12-09T19:35:53.735+08:00, 0.782E-01,   1.00000, 0.68438E+01
